timeStamp,elapsed,label,responseCode,responseMessage,threadName,dataType,success,failureMessage,bytes,sentBytes,grpThreads,allThreads,URL,Latency,IdleTime,Connect
1681177093474,2630,HTTP Request Registration,200,OK,Thread Group 1-10,text,true,,3811,266,100,100,https://dev.klaarhq.com/,2630,0,1040
1681177093495,2657,HTTP Request Registration,200,OK,Thread Group 1-12,text,true,,3811,266,99,99,https://dev.klaarhq.com/,2657,0,726
1681177093534,2692,HTTP Request Registration,200,OK,Thread Group 1-16,text,true,,3811,266,98,98,https://dev.klaarhq.com/,2691,0,527
1681177093504,2893,HTTP Request Registration,200,OK,Thread Group 1-13,text,true,,3811,266,97,97,https://dev.klaarhq.com/,2892,0,928
1681177093544,3129,HTTP Request Registration,200,OK,Thread Group 1-17,text,true,,3811,266,96,96,https://dev.klaarhq.com/,3128,0,759
1681177093446,3538,HTTP Request Registration,200,OK,Thread Group 1-6,text,true,,3811,266,95,95,https://dev.klaarhq.com/,3538,0,1422
1681177093443,4101,HTTP Request Registration,200,OK,Thread Group 1-7,text,true,,3811,266,94,94,https://dev.klaarhq.com/,4100,0,1351
1681177093654,3984,HTTP Request Registration,200,OK,Thread Group 1-28,text,true,,3811,266,93,93,https://dev.klaarhq.com/,3982,0,2375
1681177093385,4884,HTTP Request Registration,200,OK,Thread Group 1-1,text,true,,3811,266,92,92,https://dev.klaarhq.com/,4884,0,532
1681177093454,4939,HTTP Request Registration,200,OK,Thread Group 1-8,text,true,,3811,266,91,91,https://dev.klaarhq.com/,4939,0,1257
1681177093463,5565,HTTP Request Registration,200,OK,Thread Group 1-9,text,true,,3811,266,90,90,https://dev.klaarhq.com/,5565,0,889
1681177093416,5664,HTTP Request Registration,200,OK,Thread Group 1-4,text,true,,3811,266,89,89,https://dev.klaarhq.com/,5663,0,1625
1681177093664,5484,HTTP Request Registration,200,OK,Thread Group 1-29,text,true,,3811,266,88,88,https://dev.klaarhq.com/,5484,0,2012
1681177093523,5704,HTTP Request Registration,200,OK,Thread Group 1-15,text,true,,3811,266,87,87,https://dev.klaarhq.com/,5704,0,484
1681177093554,5762,HTTP Request Registration,200,OK,Thread Group 1-18,text,true,,3811,266,86,86,https://dev.klaarhq.com/,5762,0,546
1681177093594,5870,HTTP Request Registration,200,OK,Thread Group 1-22,text,true,,3811,266,85,85,https://dev.klaarhq.com/,5870,0,1764
1681177093704,6118,HTTP Request Registration,200,OK,Thread Group 1-33,text,true,,3811,266,84,84,https://dev.klaarhq.com/,6118,0,3493
1681177093925,7347,HTTP Request Registration,200,OK,Thread Group 1-55,text,true,,3811,266,83,83,https://dev.klaarhq.com/,7346,0,3193
1681177093905,7679,HTTP Request Registration,200,OK,Thread Group 1-53,text,true,,3811,266,82,82,https://dev.klaarhq.com/,7678,0,6121
1681177093965,7737,HTTP Request Registration,200,OK,Thread Group 1-59,text,true,,3811,266,81,81,https://dev.klaarhq.com/,7737,0,6148
1681177093484,8274,HTTP Request Registration,200,OK,Thread Group 1-11,text,true,,3811,266,80,80,https://dev.klaarhq.com/,8273,0,1152
1681177094224,7726,HTTP Request Registration,200,OK,Thread Group 1-85,text,true,,3811,266,79,79,https://dev.klaarhq.com/,7725,0,6132
1681177094305,7764,HTTP Request Registration,200,OK,Thread Group 1-93,text,true,,3811,266,78,78,https://dev.klaarhq.com/,7764,0,6168
1681177094374,7770,HTTP Request Registration,200,OK,Thread Group 1-100,text,true,,3811,266,77,77,https://dev.klaarhq.com/,7770,0,6180
1681177093714,8551,HTTP Request Registration,200,OK,Thread Group 1-34,text,true,,3811,266,76,76,https://dev.klaarhq.com/,8550,0,3627
1681177093694,8733,HTTP Request Registration,200,OK,Thread Group 1-32,text,true,,3811,266,75,75,https://dev.klaarhq.com/,8733,0,7257
1681177093825,8768,HTTP Request Registration,200,OK,Thread Group 1-45,text,true,,3811,266,74,74,https://dev.klaarhq.com/,8767,0,3052
1681177093564,9508,HTTP Request Registration,200,OK,Thread Group 1-19,text,true,,3811,266,73,73,https://dev.klaarhq.com/,9508,0,600
1681177093432,10193,HTTP Request Registration,200,OK,Thread Group 1-5,text,true,,3811,266,72,72,https://dev.klaarhq.com/,10193,0,1522
1681177093844,10220,HTTP Request Registration,200,OK,Thread Group 1-47,text,true,,3811,266,71,71,https://dev.klaarhq.com/,10220,0,6108
1681177093603,10550,HTTP Request Registration,200,OK,Thread Group 1-23,text,true,,3811,266,70,70,https://dev.klaarhq.com/,10549,0,1673
1681177093723,10523,HTTP Request Registration,200,OK,Thread Group 1-35,text,true,,3811,266,69,69,https://dev.klaarhq.com/,10522,0,5788
1681177094035,10310,HTTP Request Registration,200,OK,Thread Group 1-66,text,true,,3811,266,68,68,https://dev.klaarhq.com/,10309,0,6159
1681177093613,10771,HTTP Request Registration,200,OK,Thread Group 1-24,text,true,,3811,266,67,67,https://dev.klaarhq.com/,10770,0,4230
1681177093644,10831,HTTP Request Registration,200,OK,Thread Group 1-27,text,true,,3811,266,66,66,https://dev.klaarhq.com/,10831,0,9311
1681177093984,10605,HTTP Request Registration,200,OK,Thread Group 1-61,text,true,,3811,266,65,65,https://dev.klaarhq.com/,10605,0,9164
1681177093634,10986,HTTP Request Registration,200,OK,Thread Group 1-26,text,true,,3811,266,64,64,https://dev.klaarhq.com/,10986,0,7005
1681177094053,10610,HTTP Request Registration,200,OK,Thread Group 1-68,text,true,,3811,266,63,63,https://dev.klaarhq.com/,10609,0,9173
1681177093584,11130,HTTP Request Registration,200,OK,Thread Group 1-21,text,true,,3811,266,62,62,https://dev.klaarhq.com/,11129,0,1852
1681177094114,10670,HTTP Request Registration,200,OK,Thread Group 1-74,text,true,,3811,266,61,61,https://dev.klaarhq.com/,10670,0,9204
1681177093574,11214,HTTP Request Registration,200,OK,Thread Group 1-20,text,true,,3811,266,60,60,https://dev.klaarhq.com/,11213,0,1629
1681177094244,10591,HTTP Request Registration,200,OK,Thread Group 1-87,text,true,,3811,266,59,59,https://dev.klaarhq.com/,10590,0,9190
1681177094363,10504,HTTP Request Registration,200,OK,Thread Group 1-99,text,true,,3811,266,58,58,https://dev.klaarhq.com/,10503,0,9162
1681177093624,11289,HTTP Request Registration,200,OK,Thread Group 1-25,text,true,,3811,266,57,57,https://dev.klaarhq.com/,11288,0,4566
1681177093515,11432,HTTP Request Registration,200,OK,Thread Group 1-14,text,true,,3811,266,56,56,https://dev.klaarhq.com/,11431,0,850
1681177093734,11260,HTTP Request Registration,200,OK,Thread Group 1-36,text,true,,3811,266,55,55,https://dev.klaarhq.com/,11259,0,10014
1681177093854,11178,HTTP Request Registration,200,OK,Thread Group 1-48,text,true,,3811,266,54,54,https://dev.klaarhq.com/,11177,0,10014
1681177093865,11200,HTTP Request Registration,200,OK,Thread Group 1-49,text,true,,3811,266,53,53,https://dev.klaarhq.com/,11200,0,7165
1681177093754,11349,HTTP Request Registration,200,OK,Thread Group 1-38,text,true,,3811,266,52,52,https://dev.klaarhq.com/,11348,0,7006
1681177093744,11399,HTTP Request Registration,200,OK,Thread Group 1-37,text,true,,3811,266,51,51,https://dev.klaarhq.com/,11399,0,4248
1681177094064,11126,HTTP Request Registration,200,OK,Thread Group 1-69,text,true,,3811,266,50,50,https://dev.klaarhq.com/,11125,0,6211
1681177094214,10988,HTTP Request Registration,200,OK,Thread Group 1-84,text,true,,3811,266,49,49,https://dev.klaarhq.com/,10988,0,7180
1681177094275,11026,HTTP Request Registration,200,OK,Thread Group 1-90,text,true,,3811,266,48,48,https://dev.klaarhq.com/,11025,0,10152
1681177094316,10989,HTTP Request Registration,200,OK,Thread Group 1-94,text,true,,3811,266,47,47,https://dev.klaarhq.com/,10989,0,7166
1681177093835,12068,HTTP Request Registration,200,OK,Thread Group 1-46,text,true,,3811,266,46,46,https://dev.klaarhq.com/,12067,0,11431
1681177093994,11947,HTTP Request Registration,200,OK,Thread Group 1-62,text,true,,3811,266,45,45,https://dev.klaarhq.com/,11947,0,11354
1681177093977,11979,HTTP Request Registration,200,OK,Thread Group 1-60,text,true,,3811,266,44,44,https://dev.klaarhq.com/,11979,0,11408
1681177094004,12029,HTTP Request Registration,200,OK,Thread Group 1-63,text,true,,3811,266,43,43,https://dev.klaarhq.com/,12029,0,11427
1681177094014,12059,HTTP Request Registration,200,OK,Thread Group 1-64,text,true,,3811,266,42,42,https://dev.klaarhq.com/,12059,0,11457
1681177094045,12062,HTTP Request Registration,200,OK,Thread Group 1-67,text,true,,3811,266,41,41,https://dev.klaarhq.com/,12061,0,11432
1681177094023,12132,HTTP Request Registration,200,OK,Thread Group 1-65,text,true,,3811,266,40,40,https://dev.klaarhq.com/,12131,0,11481
1681177094074,12110,HTTP Request Registration,200,OK,Thread Group 1-70,text,true,,3811,266,39,39,https://dev.klaarhq.com/,12110,0,11473
1681177094104,12098,HTTP Request Registration,200,OK,Thread Group 1-73,text,true,,3811,266,38,38,https://dev.klaarhq.com/,12098,0,11496
1681177093795,12428,HTTP Request Registration,200,OK,Thread Group 1-42,text,true,,3811,266,37,37,https://dev.klaarhq.com/,12428,0,5833
1681177093764,12498,HTTP Request Registration,200,OK,Thread Group 1-39,text,true,,3811,266,36,36,https://dev.klaarhq.com/,12498,0,11909
1681177094254,12134,HTTP Request Registration,200,OK,Thread Group 1-88,text,true,,3811,266,35,35,https://dev.klaarhq.com/,12133,0,11427
1681177094284,12152,HTTP Request Registration,200,OK,Thread Group 1-91,text,true,,3811,266,34,34,https://dev.klaarhq.com/,12151,0,11431
1681177093814,12654,HTTP Request Registration,200,OK,Thread Group 1-44,text,true,,3811,266,33,33,https://dev.klaarhq.com/,12654,0,5932
1681177094354,12148,HTTP Request Registration,200,OK,Thread Group 1-98,text,true,,3811,266,32,32,https://dev.klaarhq.com/,12147,0,11439
1681177093685,12864,HTTP Request Registration,200,OK,Thread Group 1-31,text,true,,3811,266,31,31,https://dev.klaarhq.com/,12864,0,12189
1681177093674,12992,HTTP Request Registration,200,OK,Thread Group 1-30,text,true,,3811,266,30,30,https://dev.klaarhq.com/,12991,0,12446
1681177094123,12624,HTTP Request Registration,200,OK,Thread Group 1-75,text,true,,3811,266,29,29,https://dev.klaarhq.com/,12624,0,12148
1681177094154,12626,HTTP Request Registration,200,OK,Thread Group 1-78,text,true,,3811,266,28,28,https://dev.klaarhq.com/,12626,0,12160
1681177094095,12728,HTTP Request Registration,200,OK,Thread Group 1-72,text,true,,3811,266,27,27,https://dev.klaarhq.com/,12727,0,12248
1681177094084,12777,HTTP Request Registration,200,OK,Thread Group 1-71,text,true,,3811,266,26,26,https://dev.klaarhq.com/,12776,0,12268
1681177094234,12712,HTTP Request Registration,200,OK,Thread Group 1-86,text,true,,3811,266,25,25,https://dev.klaarhq.com/,12712,0,12279
1681177093784,13183,HTTP Request Registration,200,OK,Thread Group 1-41,text,true,,3811,266,24,24,https://dev.klaarhq.com/,13183,0,8734
1681177094264,13278,HTTP Request Registration,200,OK,Thread Group 1-89,text,true,,3811,266,23,23,https://dev.klaarhq.com/,13278,0,6134
1681177093936,13813,HTTP Request Registration,200,OK,Thread Group 1-56,text,true,,3811,266,22,22,https://dev.klaarhq.com/,13813,0,13669
1681177093945,13846,HTTP Request Registration,200,OK,Thread Group 1-57,text,true,,3811,266,21,21,https://dev.klaarhq.com/,13846,0,13697
1681177093896,13934,HTTP Request Registration,200,OK,Thread Group 1-52,text,true,,3811,266,20,20,https://dev.klaarhq.com/,13934,0,13772
1681177093955,13878,HTTP Request Registration,200,OK,Thread Group 1-58,text,true,,3811,266,19,19,https://dev.klaarhq.com/,13878,0,13765
1681177094143,13891,HTTP Request Registration,200,OK,Thread Group 1-77,text,true,,3811,266,18,18,https://dev.klaarhq.com/,13891,0,13737
1681177094133,14025,HTTP Request Registration,200,OK,Thread Group 1-76,text,true,,3811,266,17,17,https://dev.klaarhq.com/,14024,0,13770
1681177094163,14071,HTTP Request Registration,200,OK,Thread Group 1-79,text,true,,3811,266,16,16,https://dev.klaarhq.com/,14070,0,13783
1681177094174,14289,HTTP Request Registration,200,OK,Thread Group 1-80,text,true,,3811,266,15,15,https://dev.klaarhq.com/,14289,0,13792
1681177094325,14346,HTTP Request Registration,200,OK,Thread Group 1-95,text,true,,3811,266,14,14,https://dev.klaarhq.com/,14345,0,13754
1681177094333,14542,HTTP Request Registration,200,OK,Thread Group 1-96,text,true,,3811,266,13,13,https://dev.klaarhq.com/,14541,0,13779
1681177094343,14701,HTTP Request Registration,200,OK,Thread Group 1-97,text,true,,3811,266,12,12,https://dev.klaarhq.com/,14701,0,13849
1681177093774,15972,HTTP Request Registration,200,OK,Thread Group 1-40,text,true,,3811,266,11,11,https://dev.klaarhq.com/,15972,0,2544
1681177093874,16192,HTTP Request Registration,200,OK,Thread Group 1-50,text,true,,3811,266,10,10,https://dev.klaarhq.com/,16191,0,15352
1681177093916,16360,HTTP Request Registration,200,OK,Thread Group 1-54,text,true,,3811,266,9,9,https://dev.klaarhq.com/,16360,0,15465
1681177093400,17225,HTTP Request Registration,200,OK,Thread Group 1-2,text,true,,3811,266,8,8,https://dev.klaarhq.com/,17225,0,7788
1681177093886,16945,HTTP Request Registration,200,OK,Thread Group 1-51,text,true,,3811,266,7,7,https://dev.klaarhq.com/,16945,0,16185
1681177094183,16839,HTTP Request Registration,200,OK,Thread Group 1-81,text,true,,3811,266,6,6,https://dev.klaarhq.com/,16839,0,16289
1681177094193,16879,HTTP Request Registration,200,OK,Thread Group 1-82,text,true,,3811,266,5,5,https://dev.klaarhq.com/,16879,0,16356
1681177094204,16937,HTTP Request Registration,200,OK,Thread Group 1-83,text,true,,3811,266,4,4,https://dev.klaarhq.com/,16936,0,16509
1681177094294,16902,HTTP Request Registration,200,OK,Thread Group 1-92,text,true,,3811,266,3,3,https://dev.klaarhq.com/,16901,0,16614
1681177093416,19342,HTTP Request Registration,200,OK,Thread Group 1-3,text,true,,3811,266,2,2,https://dev.klaarhq.com/,19341,0,1732
1681177093804,21153,HTTP Request Registration,200,OK,Thread Group 1-43,text,true,,3811,266,1,1,https://dev.klaarhq.com/,21153,0,8983
